姓名,学号,邮箱,志愿1,志愿2,推荐人
张伟,1120260001,1120260001@smbu.edu.cn,项目开发部,品牌传播部,李明
王芳,1120260002,1120260002@smbu.edu.cn,品牌传播部,赛事运营部,李明
李娜,1120260003,1120260003@smbu.edu.cn,项目开发部,,
刘洋,1120260004,1120260004@smbu.edu.cn,战略关系部,综合行政部,王强
陈静,112025001x,chenjing@smbu.edu.cn,创新创业部,课程开发部,
赵磊,1120260006,1120260006@qq.com,项目开发部,综合行政部,王强
孙悦,1120260007,1120260007@smbu.edu.cn,品牌传播部,,张华
周涛,1120260008,1120260008@smbu.edu.cn,战略关系部,赛事运营部,李明
吴敏,1120260009,1120260009@smbu.edu.cn,综合行政部,战略关系部,
郑凯,1120260010,1120260010@smbu.edu.cn,创新创业部,品牌传播部,张华
冯雪,1120260004,1120260004@smbu.edu.cn,课程开发部,创新创业部,王强
王芳,1120260002,1120260002@smbu.edu.cn,品牌传播部,赛事运营部,李明
林晓,1120260011,1120260011@smbu.edu.cn,项目开发部,,
何军,1120260012,1120260012@SMBU.edu.cn,综合行政部,,张华
徐丽,1120250137,1120250137@smbu.edu.cn,品牌传播部,综合行政部,李明
黄斌,112026014,112026014@smbu.edu.cn,赛事运营部,,李明
钱进,1120220001,1120220001@smbu.edu.cn,赛事运营部,综合行政部,王强
